{"cameraMode":{"drawMode":0,"name":"Shaded","section":"Shading Mode"},"sceneLighting":true,"audioPlay":false,"sceneViewState":{"showFog":false,"showMaterialUpdate":false,"showSkybox":false,"showFlares":false,"showImageEffects":false,"showParticleSystems":false},"in2DMode":false,"pivot":{"x":-6.901827812194824,"y":-2.6894664764404299,"z":80.54264831542969},"rotation":{"x":0.033291660249233249,"y":-0.02667156048119068,"z":0.0008890268509276211,"w":0.9990918040275574},"size":48.42959213256836,"orthographic":false}