{"cameraMode":{"drawMode":0,"name":"Shaded","section":"Shading Mode"},"sceneLighting":false,"audioPlay":false,"sceneViewState":{"showFog":false,"showMaterialUpdate":false,"showSkybox":false,"showFlares":false,"showImageEffects":false,"showParticleSystems":false},"in2DMode":false,"pivot":{"x":4.0,"y":11.20198917388916,"z":1.1920928955078126e-7},"rotation":{"x":-0.034659843891859058,"y":0.09041856229305268,"z":-0.0031485012732446195,"w":-0.995297372341156},"size":1.085291862487793,"orthographic":false}